onset_seconds,relative_gain,correlation,truncated
1.375833,1.0,0.9998,False
764.239729,0.97,0.9694,False
945.837833,0.9595,0.9594,False
1888.279312,0.961,0.7748,False
1890.031062,0.9637,0.7461,False
1892.283312,0.9523,0.6469,False
1960.768396,0.9688,0.9695,False
2903.918937,0.9679,0.9694,False
3281.254229,0.9699,0.8605,False
3283.631604,0.9718,0.8269,False
3285.842145,1.0098,0.3714,False
3286.634604,1.0114,0.3513,False
3286.96827,0.9787,0.3437,False
3287.176812,0.9462,0.3375,False
3287.301937,0.9745,0.351,False
3287.343645,0.7562,0.2733,False
3603.200854,0.927,0.9536,True
